carId,modelName,brandName,modelYear,color
1,Cooper,MINI,2009,Teal
2,Odyssey,Honda,1997,Orange
3,Prelude,Honda,1985,Purple
4,Veloster,Hyundai,2012,Red
5,Silverado,Chevrolet,2006,Turquoise
6,Liberty,Jeep,2010,Fuscia
7,RAV4,Toyota,2005,Teal
8,Malibu,Chevrolet,2010,Mauv
9,Jetta,Volkswagen,1991,Violet
10,Passat,Volkswagen,1992,Crimson
11,GTO,Pontiac,2005,Pink
12,Suburban 2500,Chevrolet,2008,Purple
13,5 Series,BMW,2004,Green
14,E-Series,Ford,2001,Mauv
15,tC,Scion,2009,Orange
16,Chariot,Mitsubishi,1987,Goldenrod
17,E-Class,Mercedes-Benz,1988,Violet
18,Elise,Lotus,2010,Green
19,L-Series,Saturn,2004,Pink
20,Familia,Mazda,1988,Purple
21,Yaris,Toyota,2009,Maroon
22,Cayenne,Porsche,2004,Green
23,88,Oldsmobile,1994,Turquoise
24,Civic,Honda,1998,Puce
25,SJ,Suzuki,1988,Blue
26,Sportvan G30,Chevrolet,1996,Pink
27,Galant,Mitsubishi,2001,Purple
28,XL-7,Suzuki,2008,Mauv
29,Grand Prix,Pontiac,1983,Aquamarine
30,Expo,Mitsubishi,1993,Aquamarine
31,Villager,Mercury,1998,Goldenrod
32,Cayman,Porsche,2007,Blue
33,Sebring,Chrysler,1998,Teal
34,FX,Infiniti,2005,Indigo
35,Thunderbird,Ford,2003,Green
36,Familia,Mazda,1986,Indigo
37,Regal,Buick,1994,Mauv
38,Truck,Mitsubishi,1988,Teal
39,RX-7,Mazda,1988,Pink
40,Q,Infiniti,2004,Fuscia
41,Civic,Honda,1997,Orange
42,Touareg 2,Volkswagen,2009,Indigo
43,Windstar,Ford,1995,Red
44,Continental,Bentley,2008,Mauv
45,Bronco II,Ford,1987,Orange
46,Millenia,Mazda,1996,Mauv
47,Vandura 1500,GMC,1993,Blue
48,RL,Acura,2001,Red
49,944,Porsche,1991,Puce
50,Azera,Hyundai,2010,Violet
51,Esprit,Lotus,2004,Indigo
52,STS,Cadillac,2005,Blue
53,xD,Scion,2011,Fuscia
54,Yukon XL 2500,GMC,2006,Indigo
55,Versa,Nissan,2009,Fuscia
56,Sierra 1500,GMC,2010,Goldenrod
57,Montana SV6,Pontiac,2006,Aquamarine
58,929,Mazda,1988,Puce
59,Forester,Subaru,2008,Khaki
60,GLK-Class,Mercedes-Benz,2012,Yellow
61,Prizm,Geo,1993,Pink
62,Astro,Chevrolet,2002,Yellow
63,LeMans,Pontiac,1990,Violet
64,RX Hybrid,Lexus,2007,Maroon
65,SL-Class,Mercedes-Benz,1995,Turquoise
66,Boxster,Porsche,2001,Goldenrod
67,Liberty,Jeep,2010,Yellow
68,Grand Prix,Pontiac,1966,Orange
69,CX,Citroën,1989,Maroon
70,3500 Club Coupe,GMC,1992,Purple
71,Arnage,Bentley,2005,Turquoise
72,Allroad,Audi,2005,Khaki
73,Gallardo,Lamborghini,2012,Orange
74,F150,Ford,2008,Goldenrod
75,Quattroporte,Maserati,2006,Turquoise
76,Escort,Ford,1992,Orange
77,Ranger,Ford,1985,Turquoise
78,Thunderbird,Ford,1993,Teal
79,Swift,Suzuki,2006,Green
80,GTI,Volkswagen,2010,Blue
81,500E,Mercedes-Benz,1992,Khaki
82,Town & Country,Chrysler,2002,Blue
83,Altima,Nissan,2012,Puce
84,LaCrosse,Buick,2010,Crimson
85,Land Cruiser,Toyota,2004,Blue
86,Paseo,Toyota,1996,Teal
87,Fortwo,Smart,2010,Puce
88,Silverado 3500,Chevrolet,2008,Blue
89,Grand Prix,Pontiac,1998,Mauv
90,Regal,Buick,1993,Violet
91,RX Hybrid,Lexus,2007,Crimson
92,Mazda6,Mazda,2005,Violet
93,Xterra,Nissan,2003,Indigo
94,Taurus,Ford,2005,Puce
95,Viper,Dodge,2003,Khaki
96,4Runner,Toyota,2000,Puce
97,SJ,Suzuki,1995,Indigo
98,Escort,Ford,1994,Yellow
99,2500 Club Coupe,GMC,1998,Orange
100,V8 Vantage,Aston Martin,2012,Mauv
101,Sienna,Toyota,2001,Orange
102,Thunderbird,Ford,1984,Red
103,RX-7,Mazda,1983,Crimson
104,MPV,Mazda,1992,Fuscia
105,A3,Audi,2007,Green
106,Karif,Maserati,1989,Puce
107,Stratus,Dodge,1998,Turquoise
108,Mazda3,Mazda,2006,Blue
109,Ram 1500 Club,Dodge,2000,Indigo
110,Cavalier,Chevrolet,2004,Orange
111,6000,Pontiac,1983,Violet
112,Charger,Dodge,2009,Fuscia
113,F350,Ford,2012,Turquoise
114,Fox,Volkswagen,1990,Purple
115,Altima,Nissan,1997,Turquoise
116,E150,Ford,2011,Goldenrod
117,Grand Vitara,Suzuki,2012,Mauv
118,XC90,Volvo,2013,Goldenrod
119,S-Class,Mercedes-Benz,1994,Green
120,Express,Chevrolet,2007,Orange
121,Sunfire,Pontiac,2000,Mauv
122,Golf,Volkswagen,1983,Goldenrod
123,Skylark,Buick,1993,Puce
124,370Z,Nissan,2012,Crimson
125,RAV4,Toyota,1998,Indigo
126,Tiguan,Volkswagen,2012,Teal
127,Cavalier,Chevrolet,1997,Yellow
128,RS 4,Audi,2008,Teal
129,MX-3,Mazda,1992,Mauv
130,M-Class,Mercedes-Benz,1999,Maroon
131,Lancer,Mitsubishi,2001,Aquamarine
132,600,BMW,1959,Turquoise
133,Mustang,Ford,1995,Maroon
134,Mighty Max,Mitsubishi,1986,Teal
135,3000GT,Mitsubishi,1996,Indigo
136,Concorde,Chrysler,2003,Puce
137,Altima,Nissan,2000,Orange
138,Seville,Cadillac,1992,Crimson
139,300ZX,Nissan,1996,Fuscia
140,Skylark,Buick,1987,Fuscia
141,G-Series 3500,Chevrolet,1998,Red
142,Sienna,Toyota,2003,Mauv
143,Cirrus,Chrysler,1996,Teal
144,Discovery,Land Rover,2002,Purple
145,Scoupe,Hyundai,1992,Indigo
146,Escalade,Cadillac,1999,Orange
147,SLS AMG,Mercedes-Benz,2011,Turquoise
148,Elan,Lotus,1994,Puce
149,QX,Infiniti,2008,Teal
150,Yukon XL 2500,GMC,2008,Red
151,Express 2500,Chevrolet,2003,Red
152,9-2X,Saab,2005,Teal
153,F-Series,Ford,2004,Orange
154,Accord,Honda,1994,Green
155,Grand Prix,Pontiac,1992,Green
156,Landaulet,Maybach,2009,Red
157,Econoline E350,Ford,2001,Violet
158,RAV4,Toyota,2011,Green
159,New Beetle,Volkswagen,2007,Violet
160,Accord,Honda,1996,Aquamarine
161,GTI,Volkswagen,2002,Puce
162,Camaro,Chevrolet,2000,Orange
163,Festiva,Ford,1991,Turquoise
164,Trans Sport,Pontiac,1996,Fuscia
165,Mustang,Ford,1968,Puce
166,Continental,Bentley,2006,Violet
167,XL-7,Suzuki,2005,Aquamarine
168,968,Porsche,1993,Orange
169,Venture,Chevrolet,2005,Green
170,Club Wagon,Ford,1994,Purple
171,LeSabre,Buick,1993,Blue
172,Suburban 2500,GMC,1996,Green
173,Montero,Mitsubishi,2000,Turquoise
174,Accord,Honda,2002,Mauv
175,Aero 8,Morgan,2006,Purple
176,9-3,Saab,2011,Red
177,Summit,Eagle,1993,Yellow
178,Santa Fe,Hyundai,2002,Fuscia
179,Grand Prix,Pontiac,1974,Maroon
180,Explorer Sport,Ford,2000,Indigo
181,LaCrosse,Buick,2006,Indigo
182,911,Porsche,2008,Blue
183,900,Saab,1999,Pink
184,A6,Audi,2010,Indigo
185,Sportage,Kia,2010,Pink
186,Protege,Mazda,1999,Aquamarine
187,Fillmore,Fillmore,1960,Crimson
188,Envoy,GMC,1998,Green
189,940,Volvo,1992,Crimson
190,Impreza,Subaru,1999,Red
191,NSX,Acura,1994,Pink
192,Vandura 3500,GMC,1993,Blue
193,NSX,Acura,1992,Maroon
194,Leone,Subaru,1987,Purple
195,S60,Volvo,2004,Crimson
196,ES,Lexus,2005,Blue
197,Aztek,Pontiac,2001,Violet
198,940,Volvo,1994,Crimson
199,Gemini,Pontiac,1987,Goldenrod
200,SLK-Class,Mercedes-Benz,2003,Goldenrod
201,Continental GT,Bentley,2010,Teal
202,2500,Chevrolet,1993,Goldenrod
203,Park Avenue,Buick,1995,Violet
204,TL,Acura,2010,Mauv
205,Mustang,Ford,1992,Turquoise
206,Rainier,Buick,2006,Mauv
207,B-Series,Mazda,1992,Puce
208,Grand Prix,Pontiac,1994,Green
209,CTS-V,Cadillac,2011,Red
210,MX-6,Mazda,1989,Yellow
211,W201,Mercedes-Benz,1990,Puce
212,Swift,Suzuki,1990,Mauv
213,Pathfinder,Nissan,1997,Blue
214,M3,BMW,2003,Indigo
215,911,Porsche,1987,Teal
216,190E,Mercedes-Benz,1992,Yellow
217,Forester,Subaru,2004,Mauv
218,Countach,Lamborghini,1989,Blue
219,Corrado,Volkswagen,1991,Red
220,Trooper,Isuzu,1998,Goldenrod
221,Diablo,Lamborghini,1999,Fuscia
222,GS,Lexus,2002,Khaki
223,Explorer,Ford,2007,Puce
224,Century,Buick,1989,Teal
225,Mariner,Mercury,2009,Violet
226,Vanagon,Volkswagen,1984,Maroon
227,Lancer,Mitsubishi,2006,Violet
228,Seville,Cadillac,2001,Purple
229,Grand Prix,Pontiac,2004,Purple
230,C-Class,Mercedes-Benz,1994,Blue
231,XK,Jaguar,2011,Red
232,Impala,Chevrolet,2000,Puce
233,Sonata,Hyundai,2009,Khaki
234,Touareg,Volkswagen,2007,Purple
235,240SX,Nissan,1993,Green
236,STS,Cadillac,2007,Pink
237,4Runner,Toyota,1996,Blue
238,164,Alfa Romeo,1994,Aquamarine
239,900,Saab,1998,Violet
240,Caprice,Chevrolet,1996,Puce
241,GX,Lexus,2010,Red
242,Safari,GMC,2001,Mauv
243,Tacoma,Toyota,2007,Blue
244,Touareg,Volkswagen,2004,Indigo
245,MX-5,Mazda,2005,Green
246,Familia,Mazda,1985,Green
247,Accord,Honda,1993,Turquoise
248,CTS,Cadillac,2004,Green
249,Sequoia,Toyota,2001,Red
250,Titan,Nissan,2007,Pink
251,Outback,Subaru,2003,Purple
252,Escalade EXT,Cadillac,2012,Purple
253,LeMans,Pontiac,1965,Orange
254,Grand Am,Pontiac,1989,Pink
255,350Z,Nissan,2009,Fuscia
256,Bravada,Oldsmobile,2001,Purple
257,F-Series,Ford,2006,Violet
258,9-3,Saab,2006,Yellow
259,Sienna,Toyota,2007,Pink
260,Sonoma Club Coupe,GMC,1995,Maroon
261,Mighty Max,Mitsubishi,1992,Violet
262,Aztek,Pontiac,2003,Turquoise
263,Enclave,Buick,2012,Goldenrod
264,Sierra 1500,GMC,2004,Crimson
265,CLK-Class,Mercedes-Benz,2003,Indigo
266,Element,Honda,2011,Crimson
267,Mariner,Mercury,2005,Goldenrod
268,5 Series,BMW,2006,Orange
269,6000,Pontiac,1990,Indigo
270,Yaris,Toyota,2009,Khaki
271,190E,Mercedes-Benz,1992,Maroon
272,Explorer Sport Trac,Ford,2009,Khaki
273,Firefly,Pontiac,1990,Crimson
274,Galant,Mitsubishi,2012,Goldenrod
275,Cooper Countryman,MINI,2011,Green
276,SLX,Acura,1997,Crimson
277,Taurus,Ford,1997,Turquoise
278,PT Cruiser,Chrysler,2008,Purple
279,Intrepid,Dodge,1993,Aquamarine
280,1500 Club Coupe,GMC,1997,Red
281,S2000,Honda,2006,Fuscia
282,E-Class,Mercedes-Benz,1989,Purple
283,Parisienne,Pontiac,1984,Yellow
284,Celica,Toyota,1997,Pink
285,Tribute,Mazda,2004,Violet
286,Dakota Club,Dodge,2006,Turquoise
287,Cobalt SS,Chevrolet,2009,Goldenrod
288,CLS-Class,Mercedes-Benz,2009,Fuscia
289,Th!nk,Ford,2000,Puce
290,Cavalier,Chevrolet,1994,Puce
291,Grand Cherokee,Jeep,1998,Crimson
292,Tercel,Toyota,1992,Crimson
293,X6,BMW,2010,Mauv
294,Sebring,Chrysler,2004,Red
295,Laser,Ford,1987,Goldenrod
296,Touareg,Volkswagen,2004,Green
297,Alcyone SVX,Subaru,1996,Khaki
298,911,Porsche,1993,Orange
299,Mazdaspeed 3,Mazda,2010,Puce
300,Grand Vitara,Suzuki,2002,Teal
301,Swift,Suzuki,1999,Red
302,Q,Infiniti,1998,Purple
303,Corolla,Toyota,2010,Aquamarine
304,Firebird Trans Am,Pontiac,1986,Aquamarine
305,Yukon XL 1500,GMC,2009,Blue
306,Murciélago,Lamborghini,2004,Khaki
307,Impala,Chevrolet,2003,Teal
308,Equinox,Chevrolet,2010,Goldenrod
309,Parisienne,Pontiac,1985,Pink
310,Countach,Lamborghini,1989,Indigo
311,Accent,Hyundai,2007,Orange
312,1 Series,BMW,2009,Aquamarine
313,Mustang,Ford,1973,Orange
314,Sebring,Chrysler,2003,Yellow
315,G25,Infiniti,2012,Khaki
316,Stylus,Isuzu,1993,Violet
317,Yukon,GMC,2013,Orange
318,Sierra,GMC,2009,Fuscia
319,STS-V,Cadillac,2008,Maroon
320,S10,Chevrolet,1992,Yellow
321,Eurovan,Volkswagen,1997,Aquamarine
322,Charger,Dodge,2008,Goldenrod
323,Continental Mark VII,Lincoln,1989,Purple
324,Continental GTC,Bentley,2011,Aquamarine
325,Camaro,Chevrolet,2001,Purple
326,Pathfinder,Nissan,1995,Turquoise
327,A8,Audi,2007,Puce
328,xD,Scion,2009,Red
329,Explorer Sport Trac,Ford,2007,Maroon
330,Continental Mark VII,Lincoln,1990,Mauv
331,Concorde,Chrysler,2001,Mauv
332,Econoline E350,Ford,1995,Yellow
333,Tacoma Xtra,Toyota,2002,Pink
334,Jetta,Volkswagen,2006,Maroon
335,Amigo,Isuzu,2000,Goldenrod
336,ES,Lexus,2011,Green
337,E-Class,Mercedes-Benz,2007,Red
338,GTI,Volkswagen,1985,Goldenrod
339,RX Hybrid,Lexus,2012,Crimson
340,Cabriolet,Volkswagen,1992,Teal
341,M-Class,Mercedes-Benz,2003,Pink
342,Alpina B7,BMW,2008,Goldenrod
343,LR3,Land Rover,2005,Khaki
344,RX,Lexus,2001,Blue
345,W201,Mercedes-Benz,1990,Teal
346,300,Chrysler,2010,Fuscia
347,9-5,Saab,2004,Indigo
348,Echo,Toyota,2003,Green
349,L300,Mitsubishi,1989,Khaki
350,Rendezvous,Buick,2004,Purple
351,Vision,Eagle,1997,Teal
352,Maxima,Nissan,2009,Goldenrod
353,Avalon,Toyota,1995,Khaki
354,Colorado,Chevrolet,2008,Indigo
355,Paseo,Toyota,1995,Mauv
356,Durango,Dodge,2000,Goldenrod
357,LeMans,Pontiac,1990,Khaki
358,E-Class,Mercedes-Benz,2007,Crimson
359,LS,Lexus,2005,Crimson
360,Cherokee,Jeep,1994,Pink
361,Firefly,Pontiac,1987,Yellow
362,H1,Hummer,2002,Fuscia
363,S60,Volvo,2003,Blue
364,Rapide,Aston Martin,2011,Yellow
365,Touareg,Volkswagen,2010,Crimson
366,Grand Voyager,Plymouth,2000,Yellow
367,Stealth,Dodge,1992,Blue
368,7 Series,BMW,2004,Crimson
369,S-Series,Saturn,1994,Maroon
370,911,Porsche,2002,Fuscia
371,Passat,Volkswagen,2003,Red
372,RDX,Acura,2008,Goldenrod
373,GTO,Pontiac,2006,Orange
374,Touareg,Volkswagen,2009,Khaki
375,G,Infiniti,2003,Khaki
376,1500 Club Coupe,GMC,1994,Turquoise
377,Sportvan G10,Chevrolet,1992,Crimson
378,Transit Connect,Ford,2011,Blue
379,Passat,Volkswagen,1990,Goldenrod
380,Vandura 1500,GMC,1992,Red
381,Seville,Cadillac,2001,Khaki
382,E-Series,Ford,1985,Purple
383,S2000,Honda,2009,Maroon
384,Familia,Mazda,1990,Turquoise
385,Trooper,Isuzu,1998,Green
386,Express 2500,Chevrolet,1996,Mauv
387,Bravada,Oldsmobile,1997,Yellow
388,LeSabre,Buick,2004,Maroon
389,VUE,Saturn,2003,Mauv
390,Mustang,Ford,1968,Goldenrod
391,MKZ,Lincoln,2011,Teal
392,745,BMW,2004,Puce
393,DeVille,Cadillac,2004,Indigo
394,240SX,Nissan,1993,Turquoise
395,Vandura 2500,GMC,1993,Yellow
396,Azera,Hyundai,2012,Turquoise
397,Sunfire,Pontiac,2004,Turquoise
398,Accord,Honda,1991,Indigo
399,Yukon Denali,GMC,2006,Blue
400,Camaro,Chevrolet,1982,Aquamarine
401,Gallardo,Lamborghini,2010,Maroon
402,Sierra 1500,GMC,2003,Crimson
403,Ram Van B150,Dodge,1993,Goldenrod
404,CL,Acura,2001,Orange
405,Eurovan,Volkswagen,2002,Aquamarine
406,612 Scaglietti,Ferrari,2008,Red
407,Azera,Hyundai,2006,Khaki
408,Sierra 2500,GMC,1999,Yellow
409,Town Car,Lincoln,2005,Orange
410,Firebird,Pontiac,1995,Khaki
411,Caravan,Dodge,1997,Blue
412,Caprice Classic,Chevrolet,1994,Red
413,LeMans,Pontiac,1988,Turquoise
414,Sonoma,GMC,2003,Khaki
415,F430,Ferrari,2009,Goldenrod
416,Sonoma Club Coupe,GMC,1997,Red
417,Express 3500,Chevrolet,2002,Orange
418,900,Saab,1989,Pink
419,Excursion,Ford,2003,Maroon
420,Freestyle,Ford,2005,Blue
421,MPV,Mazda,2001,Red
422,Impala,Chevrolet,2010,Pink
423,57,Maybach,2008,Orange
424,LS,Lincoln,2001,Pink
425,LeMans,Pontiac,1989,Aquamarine
426,Verona,Suzuki,2005,Red
427,LS Hybrid,Lexus,2012,Orange
428,Intrepid,Dodge,2003,Red
429,Excel,Mitsubishi,1987,Indigo
430,Brat,Subaru,1986,Fuscia
431,Celica,Toyota,1997,Red
432,Avalon,Toyota,2003,Pink
433,Phantom,Rolls-Royce,2007,Purple
434,Lynx,Mercury,1984,Crimson
435,Continental Mark VII,Lincoln,1991,Crimson
436,Century,Buick,1984,Puce
437,Suburban 1500,GMC,1999,Pink
438,Avalon,Toyota,2000,Pink
439,Range Rover Evoque,Land Rover,2012,Indigo
440,Nubira,Daewoo,1999,Mauv
441,Yukon XL 2500,GMC,2012,Fuscia
442,Corvette,Chevrolet,1956,Teal
443,Taurus,Ford,1997,Puce
444,S4,Audi,2000,Maroon
445,Viper,Dodge,2009,Teal
446,Silverado 2500,Chevrolet,2004,Mauv
447,Mustang,Ford,1971,Yellow
448,Mirage,Mitsubishi,1991,Green
449,Envoy XL,GMC,2003,Yellow
450,Civic,Honda,1993,Red
451,Sportage,Kia,1998,Purple
452,9-3,Saab,2011,Green
453,RX-8,Mazda,2007,Mauv
454,Journey,Dodge,2012,Orange
455,GL-Class,Mercedes-Benz,2007,Yellow
456,RX-7,Mazda,1986,Pink
457,RAV4,Toyota,2008,Purple
458,Electra,Buick,1986,Crimson
459,Tahoe,Chevrolet,2003,Yellow
460,Tempo,Ford,1986,Maroon
461,Supra,Toyota,1998,Green
462,626,Mazda,2001,Indigo
463,F-Series,Ford,1990,Teal
464,Excursion,Ford,2005,Orange
465,5000S,Audi,1988,Goldenrod
466,Tacoma,Toyota,1998,Mauv
467,5 Series,BMW,2007,Mauv
468,Golf III,Volkswagen,1993,Orange
469,Eurovan,Volkswagen,1994,Teal
470,300SE,Mercedes-Benz,1993,Teal
471,Solstice,Pontiac,2009,Goldenrod
472,Express 1500,Chevrolet,2000,Pink
473,Explorer,Ford,1997,Maroon
474,Grand Prix,Pontiac,1992,Khaki
475,62,Maybach,2011,Crimson
476,Express 1500,Chevrolet,2006,Pink
477,SL-Class,Mercedes-Benz,2001,Purple
478,Colorado,Chevrolet,2012,Fuscia
479,Camaro,Chevrolet,1999,Teal
480,LeBaron,Chrysler,1995,Pink
481,Element,Honda,2003,Yellow
482,E-Class,Mercedes-Benz,1986,Khaki
483,Sierra 1500,GMC,2000,Blue
484,Golf,Volkswagen,1985,Fuscia
485,Miata MX-5,Mazda,2005,Yellow
486,G55 AMG,Mercedes-Benz,2006,Violet
487,Tucson,Hyundai,2005,Green
488,Capri,Mercury,1993,Pink
489,Savana 1500,GMC,1998,Blue
490,Avalanche 1500,Chevrolet,2006,Maroon
491,SLK-Class,Mercedes-Benz,1997,Turquoise
492,X6,BMW,2008,Goldenrod
493,SJ,Suzuki,1985,Goldenrod
494,Land Cruiser,Toyota,2000,Pink
495,Yukon XL 1500,GMC,2005,Blue
496,Explorer,Ford,2004,Indigo
497,S10,Chevrolet,1998,Pink
498,Escort,Ford,1999,Khaki
499,Jetta,Volkswagen,1988,Maroon
500,Tacoma,Toyota,2010,Khaki
501,RX-7,Mazda,1986,Violet
502,Continental,Lincoln,2002,Crimson
503,Golf,Volkswagen,1992,Aquamarine
504,Golf,Volkswagen,2010,Indigo
505,Verona,Suzuki,2004,Yellow
506,Amanti,Kia,2005,Violet
507,Diablo,Lamborghini,1993,Khaki
508,Veracruz,Hyundai,2010,Puce
509,9-3,Saab,2010,Puce
510,Ranger,Ford,2004,Aquamarine
511,350Z,Nissan,2008,Green
512,Accord,Honda,1988,Blue
513,Suburban 1500,Chevrolet,2008,Purple
514,Villager,Mercury,1994,Blue
515,Eos,Volkswagen,2008,Turquoise
516,Diablo,Lamborghini,1998,Fuscia
517,Durango,Dodge,2000,Orange
518,Galant,Mitsubishi,1994,Goldenrod
519,Tracer,Mercury,1996,Blue
520,B-Series Plus,Mazda,2003,Aquamarine
521,Frontier,Nissan,2007,Puce
522,Stealth,Dodge,1992,Red
523,Golf,Volkswagen,2005,Blue
524,Grand Marquis,Mercury,2007,Crimson
525,DB9,Aston Martin,2007,Aquamarine
526,Escape,Ford,2007,Yellow
527,Wrangler,Jeep,1998,Aquamarine
528,C-Class,Mercedes-Benz,2007,Crimson
529,Sedona,Kia,2010,Fuscia
530,V8 Vantage,Aston Martin,2010,Purple
531,Suburban 1500,Chevrolet,2012,Blue
532,LeSabre,Buick,1996,Turquoise
533,Tracer,Mercury,1992,Teal
534,Expo,Mitsubishi,1992,Orange
535,Eurovan,Volkswagen,1999,Blue
536,Elise,Lotus,2009,Purple
537,MR2,Toyota,1993,Fuscia
538,S-Class,Mercedes-Benz,2000,Goldenrod
539,Camaro,Chevrolet,1981,Turquoise
540,G-Class,Mercedes-Benz,2010,Crimson
541,QX,Infiniti,2007,Mauv
542,Tempo,Ford,1984,Orange
543,Freelander,Land Rover,2009,Pink
544,Mazdaspeed 3,Mazda,2009,Indigo
545,C30,Volvo,2009,Crimson
546,GTO,Pontiac,2005,Red
547,V12 Vantage,Aston Martin,2011,Blue
548,SX4,Suzuki,2012,Violet
549,Suburban 1500,Chevrolet,2007,Puce
550,Magnum,Dodge,2008,Turquoise
551,Sorento,Kia,2003,Fuscia
552,E-Series,Ford,2001,Fuscia
553,Bonneville,Pontiac,1984,Khaki
554,Town Car,Lincoln,1987,Blue
555,Tracker,Geo,1993,Blue
556,944,Porsche,1988,Crimson
557,LR3,Land Rover,2005,Maroon
558,MX-5,Mazda,2007,Blue
559,Lumina APV,Chevrolet,1992,Green
560,R-Class,Mercedes-Benz,2008,Pink
561,928,Porsche,1994,Mauv
562,SC,Lexus,1997,Turquoise
563,M,Infiniti,2004,Indigo
564,S-Series,Saturn,1996,Mauv
565,E-Class,Mercedes-Benz,1989,Red
566,C70,Volvo,2003,Orange
567,Escape,Ford,2000,Pink
568,Spectra,Kia,2003,Orange
569,8 Series,BMW,1993,Red
570,Daewoo Lacetti,Suzuki,2006,Pink
571,Element,Honda,2003,Green
572,S6,Audi,2009,Green
573,Enclave,Buick,2009,Maroon
574,7 Series,BMW,1999,Indigo
575,S-Class,Mercedes-Benz,1993,Yellow
576,Arnage,Bentley,2006,Orange
577,Cobalt SS,Chevrolet,2008,Maroon
578,Z4,BMW,2008,Red
579,TrailBlazer,Chevrolet,2008,Yellow
580,S6,Audi,2007,Pink
581,CLS-Class,Mercedes-Benz,2008,Violet
582,Baja,Subaru,2006,Goldenrod
583,Protege,Mazda,1996,Orange
584,Integra,Acura,2001,Green
585,LX,Lexus,1998,Puce
586,Q,Infiniti,2006,Blue
587,Corvette,Chevrolet,2012,Purple
588,Skyhawk,Buick,1989,Goldenrod
589,Caravan,Dodge,2012,Mauv
590,rio,Volkswagen,1995,Yellow
591,Trooper,Isuzu,1994,Purple
592,Sebring,Chrysler,2003,Maroon
593,Express 1500,Chevrolet,2001,Red
594,Accord,Honda,2007,Blue
595,928,Porsche,1994,Fuscia
596,Z8,BMW,2001,Teal
597,Trans Sport,Pontiac,1998,Mauv
598,Phaeton,Volkswagen,2005,Turquoise
599,Somerset,Buick,1985,Puce
600,LeSabre,Buick,1999,Khaki
601,Monte Carlo,Chevrolet,2000,Turquoise
602,Probe,Ford,1989,Teal
603,2500,GMC,1996,Yellow
604,Rally Wagon 2500,GMC,1992,Aquamarine
605,Express 1500,Chevrolet,2002,Goldenrod
606,Silverado,Chevrolet,2009,Goldenrod
607,Liberty,Jeep,2008,Red
608,Outlander,Mitsubishi,2008,Green
609,Tacoma,Toyota,2009,Aquamarine
610,Tracer,Mercury,1994,Blue
611,900,Saab,1997,Crimson
612,CR-V,Honda,2012,Aquamarine
613,rio,Volkswagen,1995,Puce
614,200,Audi,1990,Violet
615,500,Fiat,2012,Mauv
616,Suburban,Chevrolet,2006,Red
617,SL-Class,Mercedes-Benz,1997,Blue
618,Yukon XL 1500,GMC,2010,Purple
619,NSX,Acura,1994,Red
620,Sonata,Hyundai,2011,Orange
621,Grand Voyager,Plymouth,1998,Violet
622,Continental,Lincoln,1984,Goldenrod
623,Mazda3,Mazda,2009,Yellow
624,Trooper,Isuzu,1999,Green
625,Sierra,GMC,2010,Blue
626,L-Series,Saturn,2003,Crimson
627,Azure T,Bentley,2010,Crimson
628,F150,Ford,2010,Crimson
629,Sierra 3500,GMC,2005,Green
630,Avalanche 1500,Chevrolet,2002,Orange
631,Sierra 3500,GMC,2005,Aquamarine
632,Crown Victoria,Ford,2005,Turquoise
633,900,Saab,1996,Yellow
634,3 Series,BMW,1997,Aquamarine
635,525,BMW,2003,Puce
636,Diamante,Mitsubishi,2003,Blue
637,A8,Audi,2009,Aquamarine
638,Expedition EL,Ford,2011,Orange
639,Diamante,Mitsubishi,2003,Mauv
640,6 Series,BMW,2012,Mauv
641,GTI,Volkswagen,1992,Maroon
642,3000GT,Mitsubishi,1998,Goldenrod
643,XL-7,Suzuki,2006,Turquoise
644,Tempo,Ford,1986,Maroon
645,A6,Audi,2012,Turquoise
646,QX,Infiniti,2010,Turquoise
647,911,Porsche,1986,Indigo
648,V90,Volvo,1997,Orange
649,Starion,Mitsubishi,1989,Orange
650,Legacy,Subaru,2005,Green
651,SVX,Subaru,1997,Fuscia
652,Century,Buick,2001,Indigo
653,3 Series,BMW,2002,Teal
654,Miata MX-5,Mazda,2012,Teal
655,TrailBlazer,Chevrolet,2002,Khaki
656,2500,GMC,1996,Goldenrod
657,Tracker,Chevrolet,2004,Purple
658,EV1,GMC,1999,Indigo
659,4Runner,Toyota,1994,Red
660,E-Class,Mercedes-Benz,2005,Maroon
661,MDX,Acura,2010,Pink
662,Explorer Sport Trac,Ford,2005,Green
663,Xterra,Nissan,2000,Aquamarine
664,Z4,BMW,2003,Yellow
665,Sundance,Plymouth,1993,Green
666,Yaris,Toyota,2007,Green
667,Protege,Mazda,1997,Turquoise
668,Somerset,Buick,1985,Puce
669,Impreza,Subaru,2003,Pink
670,Frontier,Nissan,2007,Crimson
671,Econoline E150,Ford,1997,Green
672,458 Italia,Ferrari,2012,Goldenrod
673,Bronco II,Ford,1985,Goldenrod
674,8 Series,BMW,1994,Maroon
675,Leone,Subaru,1987,Indigo
676,Grand Prix,Pontiac,1966,Blue
677,4Runner,Toyota,2007,Maroon
678,GS,Lexus,2000,Mauv
679,Cougar,Mercury,1989,Red
680,940,Volvo,1992,Pink
681,Silverado 2500,Chevrolet,2008,Mauv
682,Town Car,Lincoln,1999,Orange
683,Bronco II,Ford,1986,Khaki
684,Rendezvous,Buick,2006,Aquamarine
685,Montero,Mitsubishi,1999,Pink
686,B-Series,Mazda,1989,Yellow
687,Metro,Geo,1992,Indigo
688,911,Porsche,2002,Violet
689,MR2,Toyota,2005,Indigo
690,Cayman,Porsche,2012,Red
691,EX,Infiniti,2010,Red
692,Elise,Lotus,2009,Red
693,XC70,Volvo,2010,Indigo
694,F250,Ford,2002,Violet
695,3 Series,BMW,2012,Crimson
696,MX-5,Mazda,1994,Turquoise
697,Tiburon,Hyundai,2003,Mauv
698,3000GT,Mitsubishi,1992,Turquoise
699,4000s,Audi,1985,Turquoise
700,Taurus,Ford,2006,Yellow
701,Rally Wagon G3500,GMC,1996,Pink
702,Diablo,Lamborghini,1995,Maroon
703,Cutlass Cruiser,Oldsmobile,1993,Purple
704,Eurovan,Volkswagen,1999,Violet
705,Cherokee,Jeep,2000,Red
706,G,Infiniti,2002,Indigo
707,Escape,Ford,2003,Teal
708,Festiva,Ford,1988,Purple
709,Grand Cherokee,Jeep,2006,Pink
710,Tempo,Ford,1989,Turquoise
711,S-Class,Mercedes-Benz,2003,Goldenrod
712,W201,Mercedes-Benz,1990,Green
713,Land Cruiser,Toyota,1993,Turquoise
714,Ranger,Ford,2000,Indigo
715,CLK-Class,Mercedes-Benz,2006,Green
716,MX-6,Mazda,1996,Puce
717,Cobalt,Chevrolet,2006,Violet
718,Eldorado,Cadillac,1998,Red
719,Optima,Kia,2007,Pink
720,California,Ferrari,2010,Turquoise
721,Sebring,Chrysler,1996,Aquamarine
722,MX-5,Mazda,2000,Blue
723,9-3,Saab,2001,Violet
724,X6 M,BMW,2011,Blue
725,i-280,Isuzu,2006,Green
726,Elise,Lotus,2007,Fuscia
727,F150,Ford,1999,Pink
728,Taurus,Ford,2006,Goldenrod
729,Imperial,Chrysler,1926,Violet
730,Ram Van 3500,Dodge,1998,Mauv
731,Sonoma,GMC,1993,Mauv
732,SJ,Suzuki,1988,Goldenrod
733,Mirage,Mitsubishi,1993,Crimson
734,G6,Pontiac,2006,Mauv
735,Caravan,Dodge,2001,Violet
736,Express 1500,Chevrolet,1999,Blue
737,Bronco,Ford,1988,Yellow
738,Cavalier,Chevrolet,1992,Turquoise
739,X-Type,Jaguar,2006,Green
740,Focus,Ford,2006,Fuscia
741,IS F,Lexus,2009,Goldenrod
742,Legend,Acura,1987,Yellow
743,Ram 3500,Dodge,2004,Green
744,MX-5,Mazda,2010,Pink
745,CTS,Cadillac,2005,Aquamarine
746,Highlander,Toyota,2010,Blue
747,200SX,Nissan,1995,Pink
748,98,Oldsmobile,1992,Teal
749,Odyssey,Honda,1999,Pink
750,CC,Volkswagen,2009,Violet
751,CL-Class,Mercedes-Benz,1999,Green
752,4Runner,Toyota,2003,Blue
753,LX,Lexus,2010,Turquoise
754,Spectra,Kia,2009,Blue
755,Savana 3500,GMC,1999,Blue
756,Mustang,Ford,2006,Indigo
757,Elise,Lotus,2006,Turquoise
758,Diablo,Lamborghini,1998,Fuscia
759,Ram 3500,Dodge,2005,Violet
760,Villager,Mercury,1995,Violet
761,Tempo,Ford,1985,Khaki
762,Range Rover,Land Rover,2012,Goldenrod
763,CT,Lexus,2012,Maroon
764,B-Series Plus,Mazda,1998,Purple
765,4000s,Audi,1985,Goldenrod
766,325,BMW,2004,Purple
767,D350 Club,Dodge,1993,Blue
768,Regal,Buick,2003,Red
769,Viper,Dodge,1992,Indigo
770,Optima,Kia,2004,Blue
771,Cooper Clubman,MINI,2008,Khaki
772,Suburban 2500,Chevrolet,2008,Khaki
773,207,Peugeot,2007,Blue
774,Bronco,Ford,1985,Fuscia
775,2500,GMC,1996,Violet
776,Express 1500,Chevrolet,1999,Goldenrod
777,HHR,Chevrolet,2011,Blue
778,Protege,Mazda,1999,Green
779,XC70,Volvo,2012,Aquamarine
780,Safari,Pontiac,1987,Aquamarine
781,4Runner,Toyota,1994,Pink
782,5 Series,BMW,1992,Pink
783,Yukon XL 1500,GMC,2013,Indigo
784,4000CS Quattro,Audi,1987,Mauv
785,Mustang,Ford,1964,Blue
786,H1,Hummer,1993,Violet
787,Amigo,Isuzu,1999,Crimson
788,C-Class,Mercedes-Benz,2002,Puce
789,Mustang,Ford,1966,Violet
790,S-Type,Jaguar,2007,Pink
791,Solara,Toyota,2001,Red
792,TL,Acura,2010,Blue
793,Talon,Eagle,1991,Turquoise
794,Yukon XL 1500,GMC,2006,Blue
795,Miata MX-5,Mazda,2008,Blue
796,Lancer Evolution,Mitsubishi,2004,Turquoise
797,Accent,Hyundai,1995,Goldenrod
798,9-3,Saab,2006,Pink
799,Pajero,Mitsubishi,2000,Violet
800,S4,Audi,1992,Green
801,Diablo,Lamborghini,1992,Green
802,Parisienne,Pontiac,1985,Maroon
803,Blazer,Chevrolet,2004,Purple
804,Malibu,Chevrolet,2013,Puce
805,Aventador,Lamborghini,2012,Aquamarine
806,C-Class,Mercedes-Benz,2010,Red
807,CTS,Cadillac,2011,Red
808,4Runner,Toyota,2010,Yellow
809,F250,Ford,2000,Green
810,Park Avenue,Buick,1994,Orange
811,SRX,Cadillac,2012,Goldenrod
812,HS,Lexus,2011,Red
813,Enclave,Buick,2010,Goldenrod
814,940,Volvo,1995,Puce
815,Vision,Eagle,1993,Indigo
816,Panamera,Porsche,2010,Teal
817,G,Infiniti,1999,Fuscia
818,Galant,Mitsubishi,1988,Violet
819,Dakota Club,Dodge,1997,Fuscia
820,Monterey,Mercury,2007,Yellow
821,Golf,Volkswagen,1996,Fuscia
822,Justy,Subaru,1994,Crimson
823,Murano,Nissan,2009,Violet
824,Century,Buick,1989,Yellow
825,Civic,Honda,2000,Goldenrod
826,Pathfinder,Nissan,1994,Indigo
827,Golf,Volkswagen,2010,Yellow
828,Esteem,Suzuki,1995,Crimson
829,DB9,Aston Martin,2006,Crimson
830,G5,Pontiac,2008,Violet
831,Yukon XL 1500,GMC,2009,Purple
832,DeVille,Cadillac,2005,Turquoise
833,Grand Am,Pontiac,1985,Teal
834,Durango,Dodge,2007,Turquoise
835,V8,Audi,1994,Crimson
836,F250,Ford,2006,Green
837,Range Rover,Land Rover,1998,Turquoise
838,Rodeo,Isuzu,2001,Yellow
839,Ion,Saturn,2004,Teal
840,Tiburon,Hyundai,1997,Khaki
841,Econoline E350,Ford,1996,Blue
842,LeMans,Pontiac,1993,Mauv
843,Avalanche 1500,Chevrolet,2006,Blue
844,QX,Infiniti,2000,Blue
845,B9 Tribeca,Subaru,2006,Red
846,Sable,Mercury,2008,Khaki
847,M,Infiniti,2012,Indigo
848,Sunfire,Pontiac,1998,Teal
849,Yukon XL 1500,GMC,2003,Puce
850,F150,Ford,2001,Teal
851,RX-7,Mazda,1990,Puce
852,Sentra,Nissan,2004,Teal
853,SJ,Suzuki,1985,Orange
854,MR2,Toyota,1985,Puce
855,S-Series,Saturn,1993,Goldenrod
856,Venture,Chevrolet,2003,Purple
857,Vandura 1500,GMC,1994,Blue
858,Miata MX-5,Mazda,2011,Violet
859,2500,GMC,1996,Khaki
860,Grand Caravan,Dodge,2007,Violet
861,Prelude,Honda,1984,Violet
862,Tiguan,Volkswagen,2012,Orange
863,Azera,Hyundai,2011,Pink
864,Sienna,Toyota,1999,Indigo
865,Impreza,Subaru,2012,Yellow
866,LS,Lexus,2012,Mauv
867,Cherokee,Jeep,1994,Purple
868,Civic,Honda,1999,Green
869,Town Car,Lincoln,1995,Purple
870,Monte Carlo,Chevrolet,2001,Khaki
871,Century,Buick,2002,Red
872,Fox,Volkswagen,1987,Puce
873,Outlander,Mitsubishi,2008,Orange
874,Equinox,Chevrolet,2012,Teal
875,Diablo,Lamborghini,2000,Aquamarine
876,Caprice Classic,Chevrolet,1993,Red
877,Tacoma Xtra,Toyota,1999,Pink
878,A6,Audi,2006,Goldenrod
879,Altima,Nissan,1995,Goldenrod
880,S2000,Honda,2008,Purple
881,GTI,Volkswagen,2011,Indigo
882,Camry Solara,Toyota,2007,Pink
883,Amigo,Isuzu,1993,Khaki
884,Suburban 1500,Chevrolet,1998,Pink
885,Ram 2500,Dodge,2001,Orange
886,Envoy,GMC,1998,Orange
887,Sonata,Hyundai,2004,Turquoise
888,4Runner,Toyota,2003,Red
889,XJ,Jaguar,2007,Turquoise
890,Express,Chevrolet,2010,Violet
891,Yukon,GMC,2007,Indigo
892,H2,Hummer,2008,Khaki
893,Accord,Honda,1991,Red
894,Mark VIII,Lincoln,1994,Red
895,Navigator L,Lincoln,2011,Orange
896,Econoline E350,Ford,1998,Khaki
897,Escalade,Cadillac,2008,Khaki
898,5 Series,BMW,2002,Violet
899,Cabriolet,Audi,1996,Green
900,RX,Lexus,2000,Aquamarine
901,Grand Marquis,Mercury,1999,Khaki
902,Ram 1500,Dodge,1998,Maroon
903,3 Series,BMW,1995,Maroon
904,Savana Cargo Van,GMC,2006,Teal
905,Astro,Chevrolet,1993,Puce
906,Ridgeline,Honda,2006,Fuscia
907,Yukon XL 1500,GMC,2004,Red
908,H2,Hummer,2007,Puce
909,Town Car,Lincoln,2009,Puce
910,XC70,Volvo,2004,Indigo
911,Elise,Lotus,2007,Purple
912,Probe,Ford,1995,Goldenrod
913,Q,Infiniti,2003,Violet
914,5 Series,BMW,1994,Indigo
915,Taurus,Ford,1986,Purple
916,Quattro,Audi,1993,Turquoise
917,Silverado 1500,Chevrolet,2007,Yellow
918,RX,Lexus,2007,Fuscia
919,Silverado,Chevrolet,2006,Orange
920,5 Series,BMW,2004,Puce
921,2500,Chevrolet,1996,Aquamarine
922,Dakota,Dodge,2005,Blue
923,S-Class,Mercedes-Benz,2003,Indigo
924,9-3,Saab,2001,Yellow
925,Previa,Toyota,1993,Goldenrod
926,C-MAX Hybrid,Ford,2013,Puce
927,Navigator,Lincoln,1998,Puce
928,LeSabre,Buick,1999,Turquoise
929,Silverado 3500,Chevrolet,2005,Fuscia
930,X3,BMW,2012,Crimson
931,Scirocco,Volkswagen,1986,Indigo
932,Yukon,GMC,2001,Pink
933,Expedition,Ford,2007,Red
934,Neon,Dodge,2003,Orange
935,MDX,Acura,2007,Blue
936,Fiero,Pontiac,1988,Purple
937,Century,Buick,1997,Blue
938,Avalanche,Chevrolet,2011,Mauv
939,Murciélago,Lamborghini,2009,Mauv
940,Mustang,Ford,1991,Mauv
941,V70,Volvo,2001,Aquamarine
942,E-Class,Mercedes-Benz,1994,Red
943,M5,BMW,2006,Yellow
944,Tempo,Ford,1984,Maroon
945,Aveo,Chevrolet,2007,Puce
946,XK,Jaguar,2010,Pink
947,Corolla,Toyota,2005,Turquoise
948,Eos,Volkswagen,2009,Pink
949,Premier,Eagle,1992,Indigo
950,XC60,Volvo,2011,Purple
951,Santa Fe,Hyundai,2004,Maroon
952,Accord,Honda,1994,Orange
953,Town & Country,Chrysler,2010,Purple
954,Trooper,Isuzu,1997,Green
955,Mirage,Mitsubishi,1993,Maroon
956,Aura,Saturn,2007,Purple
957,F350,Ford,2006,Purple
958,Jetta,Volkswagen,2002,Fuscia
959,Yukon,GMC,2006,Orange
960,Mazda5,Mazda,2009,Pink
961,B2500,Mazda,2001,Pink
962,Grand Prix,Pontiac,1967,Goldenrod
963,riolet,Audi,1995,Purple
964,Minx Magnificent,Hillman,1950,Crimson
965,Solara,Toyota,2008,Yellow
966,Suburban 1500,Chevrolet,2009,Fuscia
967,Eclipse,Mitsubishi,1993,Khaki
968,Elise,Lotus,2006,Aquamarine
969,Focus,Ford,2001,Mauv
970,Aspire,Ford,1996,Violet
971,Sienna,Toyota,2012,Khaki
972,HED-5,Hyundai,2012,Puce
973,Grand Prix,Pontiac,1991,Fuscia
974,944,Porsche,1990,Green
975,Passat,Volkswagen,1996,Turquoise
976,Sorento,Kia,2012,Orange
977,Corvette,Chevrolet,1996,Yellow
978,CTS,Cadillac,2010,Blue
979,Grand Prix,Pontiac,1968,Purple
980,Azure,Bentley,2010,Puce
981,Town Car,Lincoln,1990,Green
982,Sonata,Hyundai,2000,Yellow
983,3500 Club Coupe,GMC,1995,Turquoise
984,Vandura 2500,GMC,1994,Mauv
985,Accent,Hyundai,1998,Fuscia
986,LS,Lexus,1997,Green
987,Grand Marquis,Mercury,2008,Maroon
988,Caliber,Dodge,2009,Orange
989,Aztek,Pontiac,2004,Violet
990,Ridgeline,Honda,2012,Maroon
991,S10,Chevrolet,2002,Green
992,Escalade ESV,Cadillac,2010,Khaki
993,Imperial,Chrysler,1992,Orange
994,E-Series,Ford,2008,Yellow
995,Sephia,Kia,2001,Maroon
996,Scoupe,Hyundai,1993,Red
997,Jetta,Volkswagen,2008,Maroon
998,M5,BMW,2008,Orange
999,del Sol,Honda,1997,Yellow
1000,MPV,Mazda,1996,Mauv
